,Australia,New Zealand
1952,10039.59564,10556.57566
1957,10949.64959,12247.39532
1962,12217.22686,13175.678
1967,14526.12465,14463.91893
1972,16788.62948,16046.03728
1977,18334.19751,16233.7177
1982,19477.00928,17632.4104
1987,21888.88903,19007.19129
1992,23424.76683,18363.32494
1997,26997.93657,21050.41377
2002,30687.75473,23189.80135
2007,34435.36744,25185.00911
